statement	repo	ref	path	line	language	format	kind	printed_location	events_zookeeper	library_1_1_89	note
apache/zookeeper@release-3.4.5:src/java/main/org/apache/zookeeper/server/quorum/QuorumCnxManager.java:493	apache/zookeeper	release-3.4.5	src/java/main/org/apache/zookeeper/server/quorum/QuorumCnxManager.java	493	java	Received connection request {}	code	QuorumCnxManager$Listener@493	10429		
apache/zookeeper@release-3.4.5:src/java/main/org/apache/zookeeper/server/quorum/QuorumCnxManager.java:688	apache/zookeeper	release-3.4.5	src/java/main/org/apache/zookeeper/server/quorum/QuorumCnxManager.java	688	java	Send worker leaving thread	code	QuorumCnxManager$SendWorker@688	10390		
apache/zookeeper@release-3.4.5:src/java/main/org/apache/zookeeper/server/quorum/QuorumCnxManager.java:765	apache/zookeeper	release-3.4.5	src/java/main/org/apache/zookeeper/server/quorum/QuorumCnxManager.java	765	java	Interrupting SendWorker	code	QuorumCnxManager$RecvWorker@765	10390		
apache/zookeeper@release-3.4.5:src/java/main/org/apache/zookeeper/server/quorum/QuorumCnxManager.java:762	apache/zookeeper	release-3.4.5	src/java/main/org/apache/zookeeper/server/quorum/QuorumCnxManager.java	762	java	Connection broken for id {}, my id = {}, error = 	code	QuorumCnxManager$RecvWorker@762	10388		
apache/zookeeper@release-3.4.5:src/java/main/org/apache/zookeeper/server/quorum/QuorumCnxManager.java:679	apache/zookeeper	release-3.4.5	src/java/main/org/apache/zookeeper/server/quorum/QuorumCnxManager.java	679	java	Interrupted while waiting for message on queue	code	QuorumCnxManager$SendWorker@679	10386		
apache/zookeeper@release-3.4.5:src/java/main/org/apache/zookeeper/server/quorum/QuorumCnxManager.java:368	apache/zookeeper	release-3.4.5	src/java/main/org/apache/zookeeper/server/quorum/QuorumCnxManager.java	368	java	Cannot open channel to {} at election address {}	code	QuorumCnxManager@368	2584		
apache/zookeeper@release-3.4.5:src/java/main/org/apache/zookeeper/server/NIOServerCnxnFactory.java:197	apache/zookeeper	release-3.4.5	src/java/main/org/apache/zookeeper/server/NIOServerCnxnFactory.java	197	java	Accepted socket connection from {}	code	NIOServerCnxnFactory@197	2020		
apache/zookeeper@release-3.4.5:src/java/main/org/apache/zookeeper/server/NIOServerCnxn.java:1001	apache/zookeeper	release-3.4.5	src/java/main/org/apache/zookeeper/server/NIOServerCnxn.java	1001	java	Closed socket connection for client {}{}	code	NIOServerCnxn@1001	1908		the second part is " which had sessionid 0x{}" or " (no session established for client)" (lines 1004 and 1005)
apache/zookeeper@release-3.4.5:src/java/main/org/apache/zookeeper/server/ZooKeeperServer.java:793	apache/zookeeper	release-3.4.5	src/java/main/org/apache/zookeeper/server/ZooKeeperServer.java	793	java	Connection request from old client {}; will be dropped if server is in r-o mode	code	ZooKeeperServer@793	1861		
apache/zookeeper@release-3.4.5:src/java/main/org/apache/zookeeper/server/ZooKeeperServer.java:595	apache/zookeeper	release-3.4.5	src/java/main/org/apache/zookeeper/server/ZooKeeperServer.java	595	java	Established session 0x{} with negotiated timeout {} for client {}	code	ZooKeeperServer@595	1856		
apache/zookeeper@release-3.4.5:src/java/main/org/apache/zookeeper/server/PrepRequestProcessor.java:476	apache/zookeeper	release-3.4.5	src/java/main/org/apache/zookeeper/server/PrepRequestProcessor.java	476	java	Processed session termination for sessionid: 0x{}	code	PrepRequestProcessor@476	1790		
apache/zookeeper@release-3.4.5:src/java/main/org/apache/zookeeper/server/ZooKeeperServer.java:839	apache/zookeeper	release-3.4.5	src/java/main/org/apache/zookeeper/server/ZooKeeperServer.java	839	java	Client attempting to establish new session at {}	code	ZooKeeperServer@839	1790		
apache/zookeeper@release-3.4.5:src/java/main/org/apache/zookeeper/server/ZooKeeperServer.java:325	apache/zookeeper	release-3.4.5	src/java/main/org/apache/zookeeper/server/ZooKeeperServer.java	325	java	Expiring session 0x{}, timeout of {}ms exceeded	code	ZooKeeperServer@325	1762		
apache/zookeeper@release-3.4.5:src/java/main/org/apache/zookeeper/server/NIOServerCnxn.java:349	apache/zookeeper	release-3.4.5	src/java/main/org/apache/zookeeper/server/NIOServerCnxn.java	349	java	caught end of stream exception	code	NIOServerCnxn@349	1670		
apache/zookeeper@release-3.4.5:src/java/main/org/apache/zookeeper/server/quorum/FastLeaderElection.java:774	apache/zookeeper	release-3.4.5	src/java/main/org/apache/zookeeper/server/quorum/FastLeaderElection.java	774	java	Notification time out: {}	code	FastLeaderElection@774	1322		
apache/zookeeper@release-3.4.5:src/java/main/org/apache/zookeeper/server/quorum/LearnerHandler.java:562	apache/zookeeper	release-3.4.5	src/java/main/org/apache/zookeeper/server/quorum/LearnerHandler.java	562	java	Unexpected exception causing shutdown while sock still open	code	LearnerHandler@562	590		
apache/zookeeper@release-3.4.5:src/java/main/org/apache/zookeeper/server/quorum/LearnerHandler.java:575	apache/zookeeper	release-3.4.5	src/java/main/org/apache/zookeeper/server/quorum/LearnerHandler.java	575	java	******* GOODBYE {} ********	code	LearnerHandler@575	590		the argument is the socket address, or the literal <null> when there is no socket
apache/zookeeper@release-3.4.5:src/java/main/org/apache/zookeeper/server/ZooKeeperServer.java:81	apache/zookeeper	release-3.4.5	src/java/main/org/apache/zookeeper/server/ZooKeeperServer.java	81	java	Server environment:{}	code	Environment@100	540		the literal is passed to Environment.logEnv, which logs it with each entry as key=value at Environment.java:100 log.info(msg + e.toString()). One statement over 16 shapes
apache/zookeeper@release-3.4.5:src/java/main/org/apache/zookeeper/server/quorum/FastLeaderElection.java:542	apache/zookeeper	release-3.4.5	src/java/main/org/apache/zookeeper/server/quorum/FastLeaderElection.java	542	java	Notification: {} (n.leader), 0x{} (n.zxid), 0x{} (n.round), {} (n.state), {} (n.sid), 0x{} (n.peerEPoch), {} (my state)	code	FastLeaderElection@542	505		
apache/zookeeper@release-3.4.5:src/java/main/org/apache/zookeeper/server/NIOServerCnxn.java:354	apache/zookeeper	release-3.4.5	src/java/main/org/apache/zookeeper/server/NIOServerCnxn.java	354	java	Exception causing close of session 0x{} due to {}	code	NIOServerCnxn@354	167		
apache/zookeeper@release-3.4.5:src/java/main/org/apache/zookeeper/server/ZooKeeperServer.java:832	apache/zookeeper	release-3.4.5	src/java/main/org/apache/zookeeper/server/ZooKeeperServer.java	832	java	Client attempting to renew session 0x{} at {}	code	ZooKeeperServer@832	71		
apache/zookeeper@release-3.4.5:src/java/main/org/apache/zookeeper/server/persistence/FileTxnSnapLog.java:240	apache/zookeeper	release-3.4.5	src/java/main/org/apache/zookeeper/server/persistence/FileTxnSnapLog.java	240	java	Snapshotting: 0x{} to {}	code	FileTxnSnapLog@240	65		
apache/zookeeper@release-3.4.5:src/java/main/org/apache/zookeeper/server/persistence/FileSnap.java:83	apache/zookeeper	release-3.4.5	src/java/main/org/apache/zookeeper/server/persistence/FileSnap.java	83	java	Reading snapshot {}	code	FileSnap@83	60		
apache/zookeeper@release-3.4.5:src/java/main/org/apache/zookeeper/server/quorum/Learner.java:107	apache/zookeeper	release-3.4.5	src/java/main/org/apache/zookeeper/server/quorum/Learner.java	107	java	Revalidating client: 0x{}	code	Learner@107	55		
apache/zookeeper@release-3.4.5:src/java/main/org/apache/zookeeper/server/ZooKeeperServer.java:162	apache/zookeeper	release-3.4.5	src/java/main/org/apache/zookeeper/server/ZooKeeperServer.java	162	java	Created server with tickTime {} minSessionTimeout {} maxSessionTimeout {} datadir {} snapdir {}	code	ZooKeeperServer@162	49		
apache/zookeeper@release-3.4.5:src/java/main/org/apache/zookeeper/server/quorum/FastLeaderElection.java:740	apache/zookeeper	release-3.4.5	src/java/main/org/apache/zookeeper/server/quorum/FastLeaderElection.java	740	java	New election. My id =  {}, proposed zxid=0x{}	code	FastLeaderElection@740	49		
apache/zookeeper@release-3.4.5:src/java/main/org/apache/zookeeper/server/quorum/QuorumPeer.java:670	apache/zookeeper	release-3.4.5	src/java/main/org/apache/zookeeper/server/quorum/QuorumPeer.java	670	java	LOOKING	code	QuorumPeer@670	49		
apache/zookeeper@release-3.4.5:src/java/main/org/apache/zookeeper/server/DatadirCleanupManager.java:101	apache/zookeeper	release-3.4.5	src/java/main/org/apache/zookeeper/server/DatadirCleanupManager.java	101	java	Purge task is not scheduled.	code	DatadirCleanupManager@101	36		
apache/zookeeper@release-3.4.5:src/java/main/org/apache/zookeeper/server/DatadirCleanupManager.java:78	apache/zookeeper	release-3.4.5	src/java/main/org/apache/zookeeper/server/DatadirCleanupManager.java	78	java	autopurge.snapRetainCount set to {}	code	DatadirCleanupManager@78	36		
apache/zookeeper@release-3.4.5:src/java/main/org/apache/zookeeper/server/DatadirCleanupManager.java:79	apache/zookeeper	release-3.4.5	src/java/main/org/apache/zookeeper/server/DatadirCleanupManager.java	79	java	autopurge.purgeInterval set to {}	code	DatadirCleanupManager@79	36		
apache/zookeeper@release-3.4.5:src/java/main/org/apache/zookeeper/server/NIOServerCnxnFactory.java:94	apache/zookeeper	release-3.4.5	src/java/main/org/apache/zookeeper/server/NIOServerCnxnFactory.java	94	java	binding to port {}	code	NIOServerCnxnFactory@94	36		
apache/zookeeper@release-3.4.5:src/java/main/org/apache/zookeeper/server/quorum/QuorumCnxManager.java:486	apache/zookeeper	release-3.4.5	src/java/main/org/apache/zookeeper/server/quorum/QuorumCnxManager.java	486	java	My election bind port: {}	code	QuorumCnxManager$Listener@486	36		
apache/zookeeper@release-3.4.5:src/java/main/org/apache/zookeeper/server/quorum/QuorumPeer.java:913	apache/zookeeper	release-3.4.5	src/java/main/org/apache/zookeeper/server/quorum/QuorumPeer.java	913	java	tickTime set to {}	code	QuorumPeer@913	36		
apache/zookeeper@release-3.4.5:src/java/main/org/apache/zookeeper/server/quorum/QuorumPeer.java:933	apache/zookeeper	release-3.4.5	src/java/main/org/apache/zookeeper/server/quorum/QuorumPeer.java	933	java	minSessionTimeout set to {}	code	QuorumPeer@933	36		
apache/zookeeper@release-3.4.5:src/java/main/org/apache/zookeeper/server/quorum/QuorumPeer.java:944	apache/zookeeper	release-3.4.5	src/java/main/org/apache/zookeeper/server/quorum/QuorumPeer.java	944	java	maxSessionTimeout set to {}	code	QuorumPeer@944	36		
apache/zookeeper@release-3.4.5:src/java/main/org/apache/zookeeper/server/quorum/QuorumPeer.java:959	apache/zookeeper	release-3.4.5	src/java/main/org/apache/zookeeper/server/quorum/QuorumPeer.java	959	java	initLimit set to {}	code	QuorumPeer@959	36		
apache/zookeeper@release-3.4.5:src/java/main/org/apache/zookeeper/server/quorum/QuorumPeerConfig.java:101	apache/zookeeper	release-3.4.5	src/java/main/org/apache/zookeeper/server/quorum/QuorumPeerConfig.java	101	java	Reading configuration from: {}	code	QuorumPeerConfig@101	36		
apache/zookeeper@release-3.4.5:src/java/main/org/apache/zookeeper/server/quorum/QuorumPeerConfig.java:334	apache/zookeeper	release-3.4.5	src/java/main/org/apache/zookeeper/server/quorum/QuorumPeerConfig.java	334	java	Defaulting to majority quorums	code	QuorumPeerConfig@334	36		
apache/zookeeper@release-3.4.5:src/java/main/org/apache/zookeeper/server/quorum/QuorumPeerMain.java:127	apache/zookeeper	release-3.4.5	src/java/main/org/apache/zookeeper/server/quorum/QuorumPeerMain.java	127	java	Starting quorum peer	code	QuorumPeerMain@127	36		
apache/zookeeper@release-3.4.5:src/java/main/org/apache/zookeeper/server/quorum/Follower.java:63	apache/zookeeper	release-3.4.5	src/java/main/org/apache/zookeeper/server/quorum/Follower.java	63	java	FOLLOWING - LEADER ELECTION TOOK - {}	code	Follower@63	34		
apache/zookeeper@release-3.4.5:src/java/main/org/apache/zookeeper/server/quorum/LearnerHandler.java:263	apache/zookeeper	release-3.4.5	src/java/main/org/apache/zookeeper/server/quorum/LearnerHandler.java	263	java	Follower sid: {} : info : {}	code	LearnerHandler@263	34		
apache/zookeeper@release-3.4.5:src/java/main/org/apache/zookeeper/server/quorum/LearnerHandler.java:318	apache/zookeeper	release-3.4.5	src/java/main/org/apache/zookeeper/server/quorum/LearnerHandler.java	318	java	Synchronizing with Follower sid: {} maxCommittedLog=0x{} minCommittedLog=0x{} peerLastZxid=0x{}	code	LearnerHandler@318	34		
apache/zookeeper@release-3.4.5:src/java/main/org/apache/zookeeper/server/quorum/LearnerHandler.java:395	apache/zookeeper	release-3.4.5	src/java/main/org/apache/zookeeper/server/quorum/LearnerHandler.java	395	java	Sending {}	code	LearnerHandler@395	34		
apache/zookeeper@release-3.4.5:src/java/main/org/apache/zookeeper/server/quorum/QuorumPeer.java:738	apache/zookeeper	release-3.4.5	src/java/main/org/apache/zookeeper/server/quorum/QuorumPeer.java	738	java	FOLLOWING	code	QuorumPeer@738	34		
apache/zookeeper@release-3.4.5:src/java/main/org/apache/zookeeper/server/quorum/Learner.java:322	apache/zookeeper	release-3.4.5	src/java/main/org/apache/zookeeper/server/quorum/Learner.java	322	java	Getting a diff from the leader 0x{}	code	Learner@322	28		
apache/zookeeper@release-3.4.5:src/java/main/org/apache/zookeeper/server/NIOServerCnxn.java:180	apache/zookeeper	release-3.4.5	src/java/main/org/apache/zookeeper/server/NIOServerCnxn.java	180	java	Unexpected Exception: 	code	NIOServerCnxn@180	27		
apache/zookeeper@release-3.4.5:src/java/main/org/apache/zookeeper/server/persistence/FileTxnLog.java:199	apache/zookeeper	release-3.4.5	src/java/main/org/apache/zookeeper/server/persistence/FileTxnLog.java	199	java	Creating new log file: log.{}	code	FileTxnLog@199	25		
apache/zookeeper@release-3.4.5:src/java/main/org/apache/zookeeper/server/quorum/Learner.java:85	apache/zookeeper	release-3.4.5	src/java/main/org/apache/zookeeper/server/quorum/Learner.java	85	java	TCP NoDelay set to: {}	code	Learner@85	25		
apache/zookeeper@release-3.4.5:src/java/main/org/apache/zookeeper/server/quorum/Follower.java:118	apache/zookeeper	release-3.4.5	src/java/main/org/apache/zookeeper/server/quorum/Follower.java	118	java	Got zxid 0x{} expected 0x{}	code	Follower@118	21		
apache/zookeeper@release-3.4.5:src/java/main/org/apache/zookeeper/server/quorum/QuorumCnxManager.java:190	apache/zookeeper	release-3.4.5	src/java/main/org/apache/zookeeper/server/quorum/QuorumCnxManager.java	190	java	Have smaller server identifier, so dropping the connection: ({}, {})	code	QuorumCnxManager@190	20		
apache/zookeeper@release-3.4.5:src/java/main/org/apache/zookeeper/server/PrepRequestProcessor.java:627	apache/zookeeper	release-3.4.5	src/java/main/org/apache/zookeeper/server/PrepRequestProcessor.java	627	java	Got user-level KeeperException when processing {} Error Path:{} Error:{}	code	PrepRequestProcessor@627	19		
apache/zookeeper@release-3.4.5:src/java/main/org/apache/zookeeper/server/quorum/Leader.java:345	apache/zookeeper	release-3.4.5	src/java/main/org/apache/zookeeper/server/quorum/Leader.java	345	java	LEADING - LEADER ELECTION TOOK - {}	code	Leader@345	15		
apache/zookeeper@release-3.4.5:src/java/main/org/apache/zookeeper/server/quorum/Leader.java:574	apache/zookeeper	release-3.4.5	src/java/main/org/apache/zookeeper/server/quorum/Leader.java	574	java	Commiting zxid 0x{} from {} not first!	code	Leader@574	15		
apache/zookeeper@release-3.4.5:src/java/main/org/apache/zookeeper/server/quorum/Leader.java:576	apache/zookeeper	release-3.4.5	src/java/main/org/apache/zookeeper/server/quorum/Leader.java	576	java	First is 0x{}	code	Leader@576	15		
apache/zookeeper@release-3.4.5:src/java/main/org/apache/zookeeper/server/quorum/Leader.java:598	apache/zookeeper	release-3.4.5	src/java/main/org/apache/zookeeper/server/quorum/Leader.java	598	java	Have quorum of supporters; starting up and setting last processed zxid: 0x{}	code	Leader@598	15		
apache/zookeeper@release-3.4.5:src/java/main/org/apache/zookeeper/server/quorum/QuorumPeer.java:750	apache/zookeeper	release-3.4.5	src/java/main/org/apache/zookeeper/server/quorum/QuorumPeer.java	750	java	LEADING	code	QuorumPeer@750	15		
apache/zookeeper@release-3.4.5:src/java/main/org/apache/zookeeper/server/quorum/Leader.java:58	apache/zookeeper	release-3.4.5	src/java/main/org/apache/zookeeper/server/quorum/Leader.java	58	java	TCP NoDelay set to: {}	code	Leader@58	14		
apache/zookeeper@release-3.4.5:src/java/main/org/apache/zookeeper/server/FinalRequestProcessor.java:415	apache/zookeeper	release-3.4.5	src/java/main/org/apache/zookeeper/server/FinalRequestProcessor.java	415	java	shutdown of request processor complete	code	FinalRequestProcessor@415	13		
apache/zookeeper@release-3.4.5:src/java/main/org/apache/zookeeper/server/SyncRequestProcessor.java:155	apache/zookeeper	release-3.4.5	src/java/main/org/apache/zookeeper/server/SyncRequestProcessor.java	155	java	SyncRequestProcessor exited!	code	SyncRequestProcessor@155	13		
apache/zookeeper@release-3.4.5:src/java/main/org/apache/zookeeper/server/SyncRequestProcessor.java:175	apache/zookeeper	release-3.4.5	src/java/main/org/apache/zookeeper/server/SyncRequestProcessor.java	175	java	Shutting down	code	SyncRequestProcessor@175	13		
apache/zookeeper@release-3.4.5:src/java/main/org/apache/zookeeper/server/ZooKeeperServer.java:419	apache/zookeeper	release-3.4.5	src/java/main/org/apache/zookeeper/server/ZooKeeperServer.java	419	java	shutting down	code	ZooKeeperServer@419	13		
apache/zookeeper@release-3.4.5:src/java/main/org/apache/zookeeper/server/quorum/CommitProcessor.java:150	apache/zookeeper	release-3.4.5	src/java/main/org/apache/zookeeper/server/quorum/CommitProcessor.java	150	java	CommitProcessor exited loop!	code	CommitProcessor@150	13		
apache/zookeeper@release-3.4.5:src/java/main/org/apache/zookeeper/server/quorum/CommitProcessor.java:181	apache/zookeeper	release-3.4.5	src/java/main/org/apache/zookeeper/server/quorum/CommitProcessor.java	181	java	Shutting down	code	CommitProcessor@181	13		
apache/zookeeper@release-3.4.5:src/java/main/org/apache/zookeeper/server/quorum/Follower.java:166	apache/zookeeper	release-3.4.5	src/java/main/org/apache/zookeeper/server/quorum/Follower.java	166	java	shutdown called	code	Follower@166	11		
apache/zookeeper@release-3.4.5:src/java/main/org/apache/zookeeper/server/quorum/Follower.java:89	apache/zookeeper	release-3.4.5	src/java/main/org/apache/zookeeper/server/quorum/Follower.java	89	java	Exception when following the leader	code	Follower@89	11		
apache/zookeeper@release-3.4.5:src/java/main/org/apache/zookeeper/server/quorum/FollowerRequestProcessor.java:105	apache/zookeeper	release-3.4.5	src/java/main/org/apache/zookeeper/server/quorum/FollowerRequestProcessor.java	105	java	Shutting down	code	FollowerRequestProcessor@105	11		
apache/zookeeper@release-3.4.5:src/java/main/org/apache/zookeeper/server/quorum/FollowerRequestProcessor.java:95	apache/zookeeper	release-3.4.5	src/java/main/org/apache/zookeeper/server/quorum/FollowerRequestProcessor.java	95	java	FollowerRequestProcessor exited loop!	code	FollowerRequestProcessor@95	11		
apache/zookeeper@release-3.4.5:src/java/main/org/apache/zookeeper/server/quorum/FollowerZooKeeperServer.java:139	apache/zookeeper	release-3.4.5	src/java/main/org/apache/zookeeper/server/quorum/FollowerZooKeeperServer.java	139	java	Shutting down	code	FollowerZooKeeperServer@139	11		
apache/zookeeper@release-3.4.5:src/java/main/org/apache/zookeeper/server/quorum/Learner.java:232	apache/zookeeper	release-3.4.5	src/java/main/org/apache/zookeeper/server/quorum/Learner.java	232	java	Unexpected exception, tries={}, connecting to {}	code	Learner@232	8		
apache/zookeeper@release-3.4.5:src/java/main/org/apache/zookeeper/server/quorum/Learner.java:373	apache/zookeeper	release-3.4.5	src/java/main/org/apache/zookeeper/server/quorum/Learner.java	373	java	Got zxid 0x{} expected 0x{}	code	Learner@373	7		
apache/zookeeper@release-3.4.5:src/java/main/org/apache/zookeeper/server/quorum/Learner.java:325	apache/zookeeper	release-3.4.5	src/java/main/org/apache/zookeeper/server/quorum/Learner.java	325	java	Getting a snapshot from leader	code	Learner@325	6		
apache/zookeeper@release-3.4.5:src/java/main/org/apache/zookeeper/server/quorum/LearnerHandler.java:419	apache/zookeeper	release-3.4.5	src/java/main/org/apache/zookeeper/server/quorum/LearnerHandler.java	419	java	Sending snapshot last zxid of peer is 0x{}  zxid of leader is 0x{}sent zxid of db as 0x{}	code	LearnerHandler@419	6		
apache/zookeeper@release-3.4.5:src/java/main/org/apache/zookeeper/server/quorum/QuorumCnxManager.java:684	apache/zookeeper	release-3.4.5	src/java/main/org/apache/zookeeper/server/quorum/QuorumCnxManager.java	684	java	Exception when using channel: for id {} my id = {} error = {}	code	QuorumCnxManager$SendWorker@684	4		
apache/zookeeper@release-3.4.5:src/java/main/org/apache/zookeeper/server/quorum/QuorumPeer.java:430	apache/zookeeper	release-3.4.5	src/java/main/org/apache/zookeeper/server/quorum/QuorumPeer.java	430	java	{} not found! Creating with a reasonable default of {}. This should only happen when you are upgrading your installation	code	QuorumPeer@429	3		the call starts one line above the format literal; the first argument is the constant CURRENT_EPOCH_FILENAME = "currentEpoch" in QuorumPeer.java
apache/zookeeper@release-3.4.5:src/java/main/org/apache/zookeeper/server/quorum/QuorumPeer.java:445	apache/zookeeper	release-3.4.5	src/java/main/org/apache/zookeeper/server/quorum/QuorumPeer.java	445	java	{} not found! Creating with a reasonable default of {}. This should only happen when you are upgrading your installation	code	QuorumPeer@444	3		the call starts one line above the format literal; the first argument is the constant ACCEPTED_EPOCH_FILENAME = "acceptedEpoch" in QuorumPeer.java
apache/zookeeper@release-3.4.5:src/java/main/org/apache/zookeeper/server/PrepRequestProcessor.java:143	apache/zookeeper	release-3.4.5	src/java/main/org/apache/zookeeper/server/PrepRequestProcessor.java	143	java	PrepRequestProcessor exited loop!	code	PrepRequestProcessor@143	2		
apache/zookeeper@release-3.4.5:src/java/main/org/apache/zookeeper/server/PrepRequestProcessor.java:743	apache/zookeeper	release-3.4.5	src/java/main/org/apache/zookeeper/server/PrepRequestProcessor.java	743	java	Shutting down	code	PrepRequestProcessor@743	2		
apache/zookeeper@release-3.4.5:src/java/main/org/apache/zookeeper/server/SessionTrackerImpl.java:162	apache/zookeeper	release-3.4.5	src/java/main/org/apache/zookeeper/server/SessionTrackerImpl.java	162	java	SessionTrackerImpl exited loop!	code	SessionTrackerImpl@162	2		
apache/zookeeper@release-3.4.5:src/java/main/org/apache/zookeeper/server/SessionTrackerImpl.java:225	apache/zookeeper	release-3.4.5	src/java/main/org/apache/zookeeper/server/SessionTrackerImpl.java	225	java	Shutting down	code	SessionTrackerImpl@225	2		
apache/zookeeper@release-3.4.5:src/java/main/org/apache/zookeeper/server/quorum/Leader.java:309	apache/zookeeper	release-3.4.5	src/java/main/org/apache/zookeeper/server/quorum/Leader.java	309	java	exception while shutting down acceptor: {}	code	Leader$LearnerCnxAcceptor@309	2		
apache/zookeeper@release-3.4.5:src/java/main/org/apache/zookeeper/server/quorum/Leader.java:490	apache/zookeeper	release-3.4.5	src/java/main/org/apache/zookeeper/server/quorum/Leader.java	490	java	Shutting down	code	Leader@490	2		
apache/zookeeper@release-3.4.5:src/java/main/org/apache/zookeeper/server/quorum/Leader.java:496	apache/zookeeper	release-3.4.5	src/java/main/org/apache/zookeeper/server/quorum/Leader.java	496	java	Shutdown called	code	Leader@496	2		
apache/zookeeper@release-3.4.5:src/java/main/org/apache/zookeeper/server/quorum/Leader.java:655	apache/zookeeper	release-3.4.5	src/java/main/org/apache/zookeeper/server/quorum/Leader.java	655	java	Shutting down	code	Leader$ToBeAppliedRequestProcessor@655	2		
apache/zookeeper@release-3.4.5:src/java/main/org/apache/zookeeper/server/quorum/ProposalRequestProcessor.java:88	apache/zookeeper	release-3.4.5	src/java/main/org/apache/zookeeper/server/quorum/ProposalRequestProcessor.java	88	java	Shutting down	code	ProposalRequestProcessor@88	2		
